{
	"BookName": "BetFair Exchange",
	"Description": "BetFair Exchange - Over 2.5",
	"URL": "https://www.betfair.it/exchange/plus/",
	"IsExchange": true,
	"Username": "",
	"Password": "",
	"LoginProcess": [
		{
			"Path": "#onetrust-accept-btn-handler"
		},
		{
			"LoginField": "Username",
			"Path": "#ssc-liu"
		},
		{
			"LoginField": "Password",
			"Path": "#ssc-lipw"
		},
		{
			"Path": "#ssc-lis"
		}
	],
	"QuotaProcess": [
		{
			"QuotaField": "Quota",
			"Path": "betslip-price-ladder > div > input"
		}
	],
	"PuntataProcess": [
		{
			"PuntataField": "Puntata",
			"Path": "betslip-size-input > input"
		}
	],
	"ScommettiProcess": [
		{
			"Path": "highlighted-button > ours-button > button"
		}
	]
}