{
	"BookName": "888",
	"Description": "888",
	"URL": "https://www.888sport.it/#/home",
	"IsExchange": false,
	"Username": "",
	"Password": "",
	"LoginProcess": [
		{
			"Path": "#uaaApp > div.uc-main-area > header > div > div.headerRightCTA > div.headerButtons > button.sc-bdnyFh.jsRMwY"
		},
		{
			"LoginField": "Username",
			"Path": "#rlLoginUsername"
		},
		{
			"LoginField": "Password",
			"Path": "#rlLoginPassword"
		},
		{
			"Path": "#rlLoginSubmit"
		}
	],
	"QuotaProcess": [],
	"PuntataProcess": [
		{
			"PuntataField": "Puntata",
			"Path": "[id^=mod-KambiBC-betslip-stake-input-outcome]"
		}
	],
	"ScommettiProcess": [
		{
			"Path": "div.mod-KambiBC-betslip__place-bet-button-wrapper > button"
		}
	]
}