{
	"BookName": "BetFlag",
	"Description": "BetFlag",
	"URL": "https://betflag.it/sport",
	"IsExchange": false,
	"Username": "",
	"Password": "",
	"LoginProcess": [
		{
			"Path": "#Button3"
		},
		{
			"Path": "#PromoPopup > div.promo-popup > div.btn-close"
		},
		{
			"Path": "#btnLoginModal"
		},
		{
			"LoginField": "Username",
			"Path": "#LoginUsername"
		},
		{
			"LoginField": "Password",
			"Path": "#LoginPassword"
		},
		{
			"Path": "#BtnLoginAkamai"
		}
	],
	"QuotaProcess": [],
	"PuntataProcess": [
		{
			"IsIframe": true,
			"Path": "#slipbet"
		},
		{
			"PuntataField": "Puntata",
			"Path": "#TextBox6"
		}
	],
	"ScommettiProcess": [
		{
			"IsIframe": true,
			"Path": "#slipbet"
		},
		{
			"Path": "#btnSCOsaldo"
		}
	]
}