{
	"BookName": "BetFair",
	"Description":  "BetFair",
	"URL": "https://www.betfair.it/sport/",
	"IsExchange": false,
	"Username": "",
	"Password": "",
	"LoginProcess": [
		{
			"Path": "#onetrust-accept-btn-handler"
		},
		{
			"LoginField": "Username",
			"Path": "#ssc-liu"
		},
		{
			"LoginField": "Password",
			"Path": "#ssc-lipw"
		},
		{
			"Path": "#ssc-lis"
		}
	],
	"QuotaProcess": [],
	"PuntataProcess": [
		{
			"PuntataField": "Puntata",
			"Path": "input.stake"
		}
	],
	"ScommettiProcess": [
		{
			"Path": "button.place-bets-button"
		}
	]
}