{
	"BookName": "BetFlag Exchange",
	"Description": "BetFlag Exchange - Over 3.5",
	"URL": "https://betflag.it/exchange",
	"IsExchange": true,
	"Username": "",
	"Password": "",
	"LoginProcess": [
		{
			"Path": "#Button3"
		},
		{
			"Path": "#PromoPopup > div.promo-popup > div.btn-close"
		},
		{
			"Path": "#btnLoginModal"
		},
		{
			"LoginField": "Username",
			"Path": "#LoginUsername"
		},
		{
			"LoginField": "Password",
			"Path": "#LoginPassword"
		},
		{
			"Path": "#BtnLoginAkamai"
		}
	],
	"QuotaProcess": [
		{
			"QuotaField": "Quota",
			"Path": "div.SE_shop_input > input.SbOdd"
		}
	],
	"PuntataProcess": [
		{
			"PuntataField": "Puntata",
			"Path": "div.SE_shop_input > input.SbAmo.EX1"
		}
	],
	"ScommettiProcess": [
		{
			"Path": "#sendExBet"
		}
	]
}