{
	"BookName": "PokerStars",
	"Description": "PokerStars",
	"URL": "https://www.pokerstars.it/sports/",
	"IsExchange": false,
	"Username": "",
	"Password": "",
	"LoginProcess": [
		{
			"Path": "#onetrust-accept-btn-handler"
		},
		{
			"Path": "div > button._f92fbce._e24a5dc._e637394._0a2fdd9"
		},
		{
			"LoginField": "Username",
			"Path": "#userId"
		},
		{
			"LoginField": "Password",
			"Path": "#password"
		},
		{
			"Path": "body > div.ReactModalPortal > div > div > section > form > div._38fea9f > button:first-child"
		}
	],
	"QuotaProcess": [],
	"PuntataProcess": [
		{
			"PuntataField": "Puntata",
			"Path": "[name$=stakePerLine]"
		}
	],
	"ScommettiProcess": [
		{
			"Path": "form > div._893e0fe > div > div:nth-child(3) > div > div._6001c76 > button:nth-child(2)"
		}
	]
}