{
	"BookName": "Sisal",
	"Description": "Sisal",
	"URL": "https://areaprivata.sisal.it/loginJwt",
	"IsExchange": false,
	"Username": "",
	"Password": "",
	"LoginProcess": [
		{
			"LoginField": "Username",
			"Path": "#formLogin > div:nth-child(1) > input"
		},
		{
			"LoginField": "Password",
			"Path": "#password"
		},
		{
			"Path": "#buttonAuth"
		}
	],
	"QuotaProcess": [],
	"PuntataProcess": [],
	"ScommettiProcess": [
		{
			"Path": "div.ticketFooter_buttonContainer__6EX9D > div:nth-child(2) > button"
		}
	]
}